IND,SP,SF,INA,INDrw,SPrw,SFrw,INArw,type,thresh,trial
0.13586082059533394,0.18926018607920192,0.1841516014570147,0.3482587064676617,0.15909090909090912,0.2420096241008,0.17143621508525098,0.35795454545454547,subgroup-fair,0.5,0
0.045454545454545414,0.11111110802469146,0.15887062765512922,0.5373134328358209,0.18181818181818177,0.4017093862131608,0.49936866609075403,0.5625,instant-fair,0.5,0
0.21308691308691313,0.2775896148636968,0.3034301712198898,0.31840796019900497,0.21978021978021972,0.2840548209588182,0.270062650221053,0.3076923076923077,subgroup-fair,0.5,1
0.05494505494505497,0.12142856294316598,0.6369978046245841,0.4975124378109453,0.17582417582417587,0.4142856932936516,0.5477289195511176,0.5494505494505495,instant-fair,0.5,1
